,NA1+NA2 NA1+NA2+S1+S2
"<Residue GLY, 20>",0.27281620643787785
"<Residue ALA, 22>",0.41315446949247225
"<Residue VAL, 23>",0.3774600086434957
"<Residue ASN, 27>",0.16079289972625987
"<Residue THR, 254>",0.15182292161825073
"<Residue ASN, 286>",0.2806388561649943
"<Residue ALA, 351>",0.07062314946970294
"<Residue THR, 354>",0.07610426064643894
"<Residue SER, 355>",0.034575214852992975
"<Residue LEU, 519>",0.057816154719879
"<Residue SOD, 516>",0.11457644936604461
"<Residue SOD, 517>",0.03723476117233826
"<Residue LEU, 25>",0.022065074874360713
"<Residue GLY, 26>",0.21067148808872038
"<Residue LEU, 29>",0.3543121976940352
"<Residue ARG, 30>",0.1641897937708916
"<Residue VAL, 104>",0.05141030576826433
"<Residue TYR, 107>",0.22601159715173336
"<Residue TYR, 108>",0.01505976838729206
"<Residue ILE, 111>",0.016348183076923206
"<Residue TRP, 114>",0.014925617657030044
"<Residue PHE, 253>",0.22266184905878705
"<Residue SER, 256>",0.350284647092456
"<Residue PHE, 259>",0.29281662051336665
"<Residue ALA, 319>",0.03311581207966485
"<Residue PHE, 320>",0.026838134410221204
"<Residue PHE, 324>",0.025389602463072758
"<Residue ILE, 359>",0.3700289730169848
"<Residue LEU, 400>",0.18013874554623643
"<Residue ASP, 404>",0.2877361428030757
