,NA1 NA1+NA2+S1+S2
"<Residue ALA, 22>",0.20650292987260344
"<Residue ASN, 27>",0.40184151879380137
"<Residue THR, 254>",0.2484158596694147
"<Residue ASN, 286>",0.19197963004985796
"<Residue LEU, 519>",0.23089837879284336
"<Residue SOD, 517>",0.48158933438264284
"<Residue GLY, 20>",0.10291385846600021
"<Residue VAL, 23>",0.11422050175639487
"<Residue LEU, 25>",0.047870250680029924
"<Residue GLY, 26>",0.07321776835811356
"<Residue LEU, 29>",0.14276910401869858
"<Residue ARG, 30>",0.04597512166744888
"<Residue VAL, 104>",0.025210326486737045
"<Residue TYR, 107>",0.3746384909128594
"<Residue TYR, 108>",0.6816130256315336
"<Residue ILE, 111>",0.2629290322495784
"<Residue TRP, 114>",0.06884416507971258
"<Residue PHE, 253>",0.43184888282190315
"<Residue SER, 256>",0.016743623550386166
"<Residue PHE, 259>",0.01564195857769668
"<Residue ALA, 319>",0.015464910380418528
"<Residue PHE, 320>",0.13174140397595746
"<Residue PHE, 324>",0.13831441039095194
"<Residue ALA, 351>",0.11234413450307645
"<Residue THR, 354>",0.033596292744318745
"<Residue SER, 355>",0.03107630243500592
"<Residue ILE, 359>",0.03743097890920355
"<Residue LEU, 400>",0.6435612050171093
"<Residue ASP, 404>",0.11736497725249573
"<Residue SOD, 516>",0.5684386563653543
