,S2 NA1
"<Residue LEU, 29>",0.21910869906617358
"<Residue ARG, 30>",0.5829930980734692
"<Residue TYR, 107>",0.5479158936766325
"<Residue ILE, 111>",0.6588434638377932
"<Residue TRP, 114>",0.3133833659200993
"<Residue PHE, 253>",0.2531451526332442
"<Residue ALA, 319>",0.18020506225192934
"<Residue PHE, 320>",0.4012852871173147
"<Residue PHE, 324>",0.30009307044033207
"<Residue LEU, 400>",0.22197229406772112
"<Residue ASP, 404>",0.2545040271352158
"<Residue ALA, 22>",0.2514815416912449
"<Residue ASN, 27>",0.10398197674789211
"<Residue THR, 254>",0.28404246017657186
"<Residue ASN, 286>",0.23298559771617244
"<Residue LEU, 519>",0.4752425693805896
"<Residue SOD, 517>",0.2930034835942611
