,S1 NA1+NA2+S1
"<Residue LEU, 25>",0.10727110823672947
"<Residue GLY, 26>",0.15306518729788066
"<Residue VAL, 104>",0.124477342069366
"<Residue TYR, 108>",0.33958640078568136
"<Residue PHE, 253>",0.29814906919224626
"<Residue THR, 254>",0.20124403446431405
"<Residue SER, 256>",0.10441023437203567
"<Residue PHE, 259>",0.2434648449839094
"<Residue SER, 355>",0.4037283097227322
"<Residue ILE, 359>",0.43074596669482745
"<Residue LEU, 519>",0.278179651143183
"<Residue SOD, 517>",0.15893454113683692
"<Residue GLY, 20>",0.12106288033375379
"<Residue ALA, 22>",0.09219492790789019
"<Residue VAL, 23>",0.10684537570485675
"<Residue ASN, 27>",0.158009188529743
"<Residue ASN, 286>",0.10182311688690182
"<Residue ALA, 351>",0.449393951652877
"<Residue THR, 354>",0.07269837558478753
"<Residue SOD, 516>",0.23600425299016203
