,S1 NA1+NA2+S1+S2
"<Residue LEU, 25>",0.10727110823672947
"<Residue GLY, 26>",0.15306518729788066
"<Residue VAL, 104>",0.124477342069366
"<Residue TYR, 108>",0.33958640078568136
"<Residue PHE, 253>",0.29814906919224626
"<Residue THR, 254>",0.20124403446431405
"<Residue SER, 256>",0.07344057914898139
"<Residue PHE, 259>",0.09562782196134201
"<Residue SER, 355>",0.10441023437203567
"<Residue ILE, 359>",0.07366483293026649
"<Residue LEU, 519>",0.2434648449839094
"<Residue SOD, 517>",0.047940812941490996
"<Residue GLY, 20>",0.02864095392029009
"<Residue ALA, 22>",0.4037283097227322
"<Residue VAL, 23>",0.43074596669482745
"<Residue ASN, 27>",0.278179651143183
"<Residue LEU, 29>",0.15893454113683692
"<Residue ARG, 30>",0.12106288033375379
"<Residue TYR, 107>",0.018918165381454743
"<Residue ILE, 111>",0.019862313794256403
"<Residue TRP, 114>",0.011549677396306968
"<Residue ASN, 286>",0.09219492790789019
"<Residue ALA, 319>",0.10684537570485675
"<Residue PHE, 320>",0.158009188529743
"<Residue PHE, 324>",0.10182311688690182
"<Residue ALA, 351>",0.038955418194211444
"<Residue THR, 354>",0.04069167243302929
"<Residue LEU, 400>",0.449393951652877
"<Residue ASP, 404>",0.07269837558478753
"<Residue SOD, 516>",0.23600425299016203
