,NA1+NA2+S1 INI
"<Residue GLY, 20>",0.1859600740915378
"<Residue ALA, 22>",0.3044270854651242
"<Residue VAL, 23>",0.34123084049781904
"<Residue LEU, 25>",0.22299819130992538
"<Residue GLY, 26>",0.29831595618584195
"<Residue ASN, 27>",0.2876479614135128
"<Residue VAL, 104>",0.35030856957416023
"<Residue TYR, 108>",0.1864606908075529
"<Residue PHE, 253>",0.25471165464516543
"<Residue THR, 254>",0.1617807366274958
"<Residue SER, 256>",0.35124835036049795
"<Residue PHE, 259>",0.32421178895083624
"<Residue ASN, 286>",0.3991025293779339
"<Residue ALA, 351>",0.434920609487347
"<Residue THR, 354>",0.09244968053984792
"<Residue SER, 355>",0.32467491372812807
"<Residue ILE, 359>",0.18480058163224755
"<Residue LEU, 519>",0.20973452858552644
"<Residue SOD, 516>",0.3269652812530014
"<Residue SOD, 517>",0.3831171757060873
"<Residue ARG, 5>",0.3447695976380135
"<Residue ILE, 187>",0.41142737384552985
"<Residue SER, 267>",0.30846369122799144
"<Residue TYR, 268>",0.4546777659082619
"<Residue GLN, 361>",0.18428795815898513
"<Residue ASP, 369>",0.25953862796760796
