,NA1+NA2+S1+S2 INI
"<Residue GLY, 20>",0.23364302887636423
"<Residue ALA, 22>",0.21895644215569865
"<Residue VAL, 23>",0.23378364149124342
"<Residue LEU, 25>",0.15036117145946137
"<Residue GLY, 26>",0.24387486084485366
"<Residue ASN, 27>",0.2196487260628961
"<Residue LEU, 29>",0.2555450184014345
"<Residue ARG, 30>",0.1959852850732643
"<Residue VAL, 104>",0.3926580186878039
"<Residue TYR, 107>",0.15950327936296116
"<Residue TYR, 108>",0.25806884832160615
"<Residue ILE, 111>",0.20356178905609423
"<Residue TRP, 114>",0.1995866931741378
"<Residue PHE, 253>",0.2048340666148275
"<Residue THR, 254>",0.17205326098000417
"<Residue SER, 256>",0.2540350152599463
"<Residue PHE, 259>",0.2234835223157594
"<Residue ASN, 286>",0.28197554098457567
"<Residue ALA, 319>",0.4017537172822143
"<Residue PHE, 320>",0.09854114882477472
"<Residue PHE, 324>",0.2822353444856014
"<Residue ALA, 351>",0.13978673482991166
"<Residue THR, 354>",0.183853362244647
"<Residue SER, 355>",0.19514036773115107
"<Residue ILE, 359>",0.08264594417189519
"<Residue LEU, 400>",0.1469788560909815
"<Residue ASP, 404>",0.21838465836226872
"<Residue LEU, 519>",0.2683123425020608
"<Residue SOD, 516>",0.256922863335314
"<Residue SOD, 517>",0.3797414130273846
"<Residue ARG, 5>",0.34021733205368043
"<Residue ILE, 187>",0.33074122900837977
"<Residue SER, 267>",0.2636902259866245
"<Residue TYR, 268>",0.32936136419031325
"<Residue GLN, 361>",0.1259476291499515
"<Residue ASP, 369>",0.1887203190719614
